PMID	PMCID	Title	doi	Journal	JournalAbbr	ISSN	PubDate	AltMetric
	null
31213670	PMC7471460	Huperzine A ameliorates obesity-related cognitive performance impairments involving neuronal insulin signaling pathway in mice.	10.1038/s41401-019-0257-1	Acta pharmacologica Sinica	Acta Pharmacol Sin	1745-7254	2020-02-01	None
31947800	PMC7168060	Endothelial Aldehyde Dehydrogenase 2 as a Target to Maintain Vascular Wellness and Function in Ageing.	10.3390/biomedicines8010004	Biomedicines	Biomedicines	2227-9059	2020-01-03	None
23882219	PMC3712192	Using neurolipidomics to identify phospholipid mediators of synaptic (dys)function in Alzheimer's Disease.	10.3389/fphys.2013.00168	Frontiers in physiology	Front Physiol	1664-042X	2013-01-01	2.75
30682074	PMC6347230	Iba-1-/CD68+ microglia are a prominent feature of age-associated deep subcortical white matter lesions.	10.1371/journal.pone.0210888	PloS one	PLoS One	1932-6203	2019-01-01	5.7
32651433	PMC7351955	The innate immune toll-like-receptor-2 modulates the depressogenic and anorexiolytic neuroinflammatory response in obstructive sleep apnoea.	10.1038/s41598-020-68299-2	Scientific reports	Sci Rep	2045-2322	2020-07-10	11.549999999999999
28131015	PMC5359036	Amyloid and intracellular accumulation of BRI<sub>2</sub>.	10.1016/j.neurobiolaging.2016.12.018	Neurobiology of aging	Neurobiol Aging	1558-1497	2017-04-01	10.25
23792961	PMC3743493	Site-specific inhibitory mechanism for amyloid β42 aggregation by catechol-type flavonoids targeting the Lys residues.	10.1074/jbc.M113.464222	The Journal of biological chemistry	J Biol Chem	1083-351X	2013-08-09	None
31627405	PMC6836141	Fasting as a Therapy in Neurological Disease.	10.3390/nu11102501	Nutrients	Nutrients	2072-6643	2019-10-17	444.2300000000018
21875213	null	Motivational reserve: motivation-related occupational abilities and risk of mild cognitive impairment and Alzheimer disease.	10.1037/a0025117	Psychology and aging	Psychol Aging	1939-1498	2012-06-01	13.6
31759626	PMC6977085	Vitamin B5 (d-pantothenic acid) localizes in myelinated structures of the rat brain: Potential role for cerebral vitamin B5 stores in local myelin homeostasis.	10.1016/j.bbrc.2019.11.052	Biochemical and biophysical research communications	Biochem Biophys Res Commun	1090-2104	2020-01-29	3.5
27091843	PMC4854736	TREM2-mediated early microglial response limits diffusion and toxicity of amyloid plaques.	10.1084/jem.20151948	The Journal of experimental medicine	J Exp Med	1540-9538	2016-05-02	46.75
21297263	PMC3477600	Genetic association of sequence variants near AGER/NOTCH4 and dementia.	10.3233/JAD-2011-101848	Journal of Alzheimer's disease : JAD	J Alzheimers Dis	1875-8908	2011-01-01	3
21419225	PMC3085574	Evidence for functional specialization of hippocampal subfields detected by MR subfield volumetry on high resolution images at 4 T.	10.1016/j.neuroimage.2011.03.028	NeuroImage	Neuroimage	1095-9572	2011-06-01	None
22565015	null	Copper dysfunction in Alzheimer's disease: from meta-analysis of biochemical studies to new insight into genetics.	10.1016/j.jtemb.2012.04.012	Journal of trace elements in medicine and biology : organ of the Society for Minerals and Trace Elements (GMS)	J Trace Elem Med Biol	1878-3252	2012-06-01	None
27378688	PMC5179943	Identification of plexin A4 as a novel clusterin receptor links two Alzheimer's disease risk genes.	10.1093/hmg/ddw188	Human molecular genetics	Hum Mol Genet	1460-2083	2016-08-15	14.95
30340601	PMC6194676	Blood-brain barrier-associated pericytes internalize and clear aggregated amyloid-β42 by LRP1-dependent apolipoprotein E isoform-specific mechanism.	10.1186/s13024-018-0286-0	Molecular neurodegeneration	Mol Neurodegener	1750-1326	2018-10-19	4.25
1679288	PMC1683125	APP717, APP693, and PRIP gene mutations are rare in Alzheimer disease.	None	American journal of human genetics	Am J Hum Genet	0002-9297	1991-09-01	None
21891866	PMC3753178	Is TNF a link between aging-related reproductive endocrine dyscrasia and Alzheimer's disease?	10.3233/JAD-2011-110887	Journal of Alzheimer's disease : JAD	J Alzheimers Dis	1875-8908	2011-01-01	3
31250613	null	[Effect of rutaecarpine on Alzheimer's disease-like cognitive impairments induced by high glucose in rats].	10.12047/j.cjap.5805.2019.039	Zhongguo ying yong sheng li xue za zhi = Zhongguo yingyong shenglixue zazhi = Chinese journal of applied physiology	Zhongguo Ying Yong Sheng Li Xue Za Zhi	1000-6834	2019-02-01	None
25750603	PMC4342517	Metabolic profiling of a transgenic <i>Caenorhabditis elegans</i> Alzheimer model.	10.1007/s11306-014-0711-5	Metabolomics : Official journal of the Metabolomic Society	Metabolomics	1573-3882	2015-01-01	2
27102788	null	A High-sugar High-fat Diet Induced Metabolic Syndrome Shows some Symptoms of Alzheimer's Disease in Rats.	10.1007/s12603-015-0601-1	The journal of nutrition, health & aging	J Nutr Health Aging	1760-4788	2016-01-01	0.5
2162059	PMC54214	ATP-induced loss of Alz-50 immunoreactivity with the A68 proteins from Alzheimer brain is mediated by ubiquitin.	10.1073/pnas.87.12.4840	Proceedings of the National Academy of Sciences of the United States of America	Proc Natl Acad Sci U S A	0027-8424	1990-06-01	None
32922384	PMC7456854	Fibrotic Scar in Neurodegenerative Diseases.	10.3389/fimmu.2020.01394	Frontiers in immunology	Front Immunol	1664-3224	2020-01-01	50.50000000000003
30906244	PMC6419538	Low Cerebrospinal Fluid Levels of Melanotransferrin Are Associated With Conversion of Mild Cognitively Impaired Subjects to Alzheimer's Disease.	10.3389/fnins.2019.00181	Frontiers in neuroscience	Front Neurosci	1662-4548	2019-01-01	13.75
33307048	null	Biological evaluation of 7-O-amide hesperetin derivatives as multitarget-directed ligands for the treatment of Alzheimer's disease.	10.1016/j.cbi.2020.109350	Chemico-biological interactions	Chem Biol Interact	1872-7786	2021-01-25	9.25
24373429	PMC4013678	Alzheimer's disease: new data highlight nonneuronal cell types and the necessity for presymptomatic prevention strategies.	10.1016/j.biopsych.2013.11.019	Biological psychiatry	Biol Psychiatry	1873-2402	2014-04-01	1
25159670	null	Epigenetic modifications in Alzheimer's disease: cause or effect?	10.3233/JAD-141452	Journal of Alzheimer's disease : JAD	J Alzheimers Dis	1875-8908	2015-01-01	7.482
30949480	PMC6435489	Protein Kinase C: Targets to Regenerate Brain Injuries?	10.3389/fcell.2019.00039	Frontiers in cell and developmental biology	Front Cell Dev Biol	2296-634X	2019-01-01	13.1
30999567	PMC6514573	Non-Proteasomal UbL-UbA Family of Proteins in Neurodegeneration.	10.3390/ijms20081893	International journal of molecular sciences	Int J Mol Sci	1422-0067	2019-04-17	0.25
27034914	PMC4809258	The Structural and Functional Connectome and Prediction of Risk for Cognitive Impairment in Older Adults.	10.1007/s40473-015-0056-z	Current behavioral neuroscience reports	Curr Behav Neurosci Rep	2196-2979	2015-12-01	11
7566367	null	Carnitine, carnitine acetyltransferase, and glutathione in Alzheimer brain.	10.1007/BF01705539	Neurochemical research	Neurochem Res	0364-3190	1995-06-01	None
21304480	PMC3339565	Epidemiology of Alzheimer disease.	10.1038/nrneurol.2011.2	Nature reviews. Neurology	Nat Rev Neurol	1759-4766	2011-03-01	12.5
31191241	PMC6546027	Editing the Central Nervous System Through CRISPR/Cas9 Systems.	10.3389/fnmol.2019.00110	Frontiers in molecular neuroscience	Front Mol Neurosci	1662-5099	2019-01-01	1.75
30005126	null
24199960	PMC3896052	Markers of cholesterol transport are associated with amyloid deposition in the brain.	10.1016/j.neurobiolaging.2013.09.040	Neurobiology of aging	Neurobiol Aging	1558-1497	2014-04-01	7
23041348	null	Antioxidant role of amyloid β protein in cell-free and biological systems: implication for the pathogenesis of Alzheimer disease.	10.1016/j.freeradbiomed.2012.09.036	Free radical biology & medicine	Free Radic Biol Med	1873-4596	2013-03-01	None
33329088	PMC7718009	Regional White Matter Integrity Predicts Treatment Response to Escitalopram and Memantine in Geriatric Depression: A Pilot Study.	10.3389/fpsyt.2020.548904	Frontiers in psychiatry	Front Psychiatry	1664-0640	2020-01-01	None
30103547	PMC6222334	A Bifunctional Anti-Amyloid Blocks Oxidative Stress and the Accumulation of Intraneuronal Amyloid-Beta.	10.3390/molecules23082010	Molecules (Basel, Switzerland)	Molecules	1420-3049	2018-08-12	10.25
29784544	PMC5993633	Classifying Alzheimer's disease with brain imaging and genetic data using a neural network framework.	10.1016/j.neurobiolaging.2018.04.009	Neurobiology of aging	Neurobiol Aging	1558-1497	2018-08-01	10.75
22119878	PMC6407624	Selective molecular recognition in amyloid growth and transmission and cross-species barriers.	10.1016/j.jmb.2011.11.023	Journal of molecular biology	J Mol Biol	1089-8638	2012-08-10	None
26226012	PMC4560643	G-protein-coupled receptor kinases in inflammation and disease.	10.1038/gene.2015.26	Genes and immunity	Genes Immun	1476-5470	2015-09-01	4
19374686	PMC3822518	RXRA gene variations influence Alzheimer's disease risk and cholesterol metabolism.	10.1111/j.1582-4934.2009.00383.x	Journal of cellular and molecular medicine	J Cell Mol Med	1582-4934	2009-03-01	None
31396308	PMC6664516	Activators and Inhibitors of NRF2: A Review of Their Potential for Clinical Development.	10.1155/2019/9372182	Oxidative medicine and cellular longevity	Oxid Med Cell Longev	1942-0994	2019-01-01	4.25
22785394	null	DAPK1 is associated with FTD and not with Alzheimer's disease.	10.3233/JAD-2012-120556	Journal of Alzheimer's disease : JAD	J Alzheimers Dis	1875-8908	2012-01-01	None
31426376	PMC6723529	<i>APOE</i> Promoter Polymorphism-219T/G is an Effect Modifier of the Influence of <i>APOE</i> ε4 on Alzheimer's Disease Risk in a Multiracial Sample.	10.3390/jcm8081236	Journal of clinical medicine	J Clin Med	2077-0383	2019-08-16	None
28520803	null
30151338	PMC6091038	The Hippocampal Neuro-Glio-Vascular Network: Metabolic Vulnerability and Potential Neurogenic Regeneration in Disease.	10.3233/BPL-170055	Brain plasticity (Amsterdam, Netherlands)	Brain Plast	2213-6312	2018-08-10	7
20947179	PMC2981680	Autophagy in neurodegenerative disorders: pathogenic roles and therapeutic implications.	10.1016/j.tins.2010.09.001	Trends in neurosciences	Trends Neurosci	1878-108X	2010-12-01	6
27911319	PMC5654316	Autotaxin is Related to Metabolic Dysfunction and Predicts Alzheimer's Disease Outcomes.	10.3233/JAD-160891	Journal of Alzheimer's disease : JAD	J Alzheimers Dis	1875-8908	2017-01-01	113.046
29991138	null	Neuroepigenetics and Alzheimer's Disease: An Update.	10.3233/JAD-180259	Journal of Alzheimer's disease : JAD	J Alzheimers Dis	1875-8908	2018-01-01	9.75
31803044	PMC6877482	Inhibition of AMD-Like Pathology With a Neurotrophic Compound in Aged Rats and 3xTg-AD Mice.	10.3389/fnagi.2019.00309	Frontiers in aging neuroscience	Front Aging Neurosci	1663-4365	2019-01-01	11.25
20828718	PMC3813465	Biochemical studies in Normal Pressure Hydrocephalus (NPH) patients: change in CSF levels of amyloid precursor protein (APP), amyloid-beta (Aβ) peptide and phospho-tau.	10.1016/j.jpsychires.2010.07.011	Journal of psychiatric research	J Psychiatr Res	1879-1379	2011-04-01	None
28285344	null	TREM1: A Potential Therapeutic Target For Alzheimer's Disease.	10.1007/s12640-017-9716-y	Neurotoxicity research	Neurotox Res	1476-3524	2017-07-01	7
27897204	PMC5126576	Human mitochondrial transcriptional factor A breaks the mitochondria-mediated vicious cycle in Alzheimer's disease.	10.1038/srep37889	Scientific reports	Sci Rep	2045-2322	2016-11-29	2.25
18713574	PMC2694663	The neuronal sortilin-related receptor gene SORL1 and late-onset Alzheimer's disease.	10.1007/s11910-008-0060-8	Current neurology and neuroscience reports	Curr Neurol Neurosci Rep	1534-6293	2008-09-01	None
30314815	null	Repeat length variations in ATXN1 and AR modify disease expression in Alzheimer's disease.	10.1016/j.neurobiolaging.2018.09.007	Neurobiology of aging	Neurobiol Aging	1558-1497	2019-01-01	10.85
27021394	null	Mitigating effect of chrysin loaded solid lipid nanoparticles against Amyloid β25-35 induced oxidative stress in rat hippocampal region: An efficient formulation approach for Alzheimer's disease.	10.1016/j.npep.2016.03.002	Neuropeptides	Neuropeptides	1532-2785	2016-08-01	7
27110749	PMC6274085	Natural Phytochemicals in the Treatment and Prevention of Dementia: An Overview.	10.3390/molecules21040518	Molecules (Basel, Switzerland)	Molecules	1420-3049	2016-04-21	8.6
26401561	null
28502705	null	BAG-1M co-activates BACE1 transcription through NF-κB and accelerates Aβ production and memory deficit in Alzheimer's disease mouse model.	10.1016/j.bbadis.2017.05.014	Biochimica et biophysica acta. Molecular basis of disease	Biochim Biophys Acta Mol Basis Dis	0925-4439	2017-09-01	7
32999351	PMC7527457	Improvement of glymphatic-lymphatic drainage of beta-amyloid by focused ultrasound in Alzheimer's disease model.	10.1038/s41598-020-73151-8	Scientific reports	Sci Rep	2045-2322	2020-09-30	10.5
24999038	PMC4138232	Reduced glucose uptake and Aβ in brain regions with hyperintensities in connected white matter.	10.1016/j.neuroimage.2014.06.060	NeuroImage	Neuroimage	1095-9572	2014-10-15	6
22938075	PMC3500443	Diabetes exacerbates amyloid and neurovascular pathology in aging-accelerated mice.	10.1111/acel.12002	Aging cell	Aging Cell	1474-9726	2012-12-01	2
22040917	PMC3646480	Looking forward to EphB signaling in synapses.	10.1016/j.semcdb.2011.10.020	Seminars in cell & developmental biology	Semin Cell Dev Biol	1096-3634	2012-02-01	None
30617325	PMC6327967	Exercise-linked FNDC5/irisin rescues synaptic plasticity and memory defects in Alzheimer's models.	10.1038/s41591-018-0275-4	Nature medicine	Nat Med	1546-170X	2019-01-01	1064.3080000000018
24904411	PMC4034495	Cognitive impairments associated with medial temporal atrophy and white matter hyperintensities: an MRI study in memory clinic patients.	10.3389/fnagi.2014.00098	Frontiers in aging neuroscience	Front Aging Neurosci	1663-4365	2014-01-01	0.5
18414205	PMC2690397	Genetic aspects of Alzheimer disease.	10.1097/GIM.0b013e31816b64dc	Genetics in medicine : official journal of the American College of Medical Genetics	Genet Med	1530-0366	2008-04-01	None
32297211	PMC8018701	Challenging Proteostasis: Role of the Chaperone Network to Control Aggregation-Prone Proteins in Human Disease.	10.1007/978-3-030-40204-4_4	Advances in experimental medicine and biology	Adv Exp Med Biol	0065-2598	2020-01-01	13.5
25856502	PMC4415889	Personalized biochemistry and biophysics.	10.1021/acs.biochem.5b00189	Biochemistry	Biochemistry	1520-4995	2015-04-28	4
31333805	PMC6617693	Functional and/or structural brain changes in response to resistance exercises and resistance training lead to cognitive improvements - a systematic review.	10.1186/s11556-019-0217-2	European review of aging and physical activity : official journal of the European Group for Research into Elderly and Physical Activity	Eur Rev Aging Phys Act	1813-7253	2019-01-01	87.85000000000002
29067332	PMC5651432	UB-311, a novel UBITh<sup>®</sup> amyloid β peptide vaccine for mild Alzheimer's disease.	10.1016/j.trci.2017.03.005	Alzheimer's & dementia (New York, N. Y.)	Alzheimers Dement (N Y)	2352-8737	2017-06-01	63.35
21320618	PMC3217332	The path to epigenetic treatment of memory disorders.	10.1016/j.nlm.2011.02.003	Neurobiology of learning and memory	Neurobiol Learn Mem	1095-9564	2011-07-01	None
19481605	PMC2718328	Oxidative damage to the promoter region of SQSTM1/p62 is common to neurodegenerative disease.	10.1016/j.nbd.2009.05.015	Neurobiology of disease	Neurobiol Dis	1095-953X	2009-08-01	3
27654282	null	Potential of the Antibody Against cis-Phosphorylated Tau in the Early Diagnosis, Treatment, and Prevention of Alzheimer Disease and Brain Injury.	10.1001/jamaneurol.2016.2027	JAMA neurology	JAMA Neurol	2168-6157	2016-11-01	98.74999999999999
29198043	null	The diagnosis of dementias: a practical tool not to miss rare causes.	10.1007/s10072-017-3206-0	Neurological sciences : official journal of the Italian Neurological Society and of the Italian Society of Clinical Neurophysiology	Neurol Sci	1590-3478	2018-04-01	None
20418918	PMC3005561	Genetic determinants at the interface of cancer and neurodegenerative disease.	10.1038/onc.2010.127	Oncogene	Oncogene	1476-5594	2010-06-17	None
20216546	PMC3979339	Traumatic brain injury and amyloid-β pathology: a link to Alzheimer's disease?	10.1038/nrn2808	Nature reviews. Neuroscience	Nat Rev Neurosci	1471-0048	2010-05-01	35.1
22455980	null	Neuronal expression of F-box and leucine-rich-repeat protein 2 decreases over Braak stages in the brains of Alzheimer's disease patients.	10.1159/000336016	Neuro-degenerative diseases	Neurodegener Dis	1660-2862	2013-01-01	None
19167499	PMC5546306	Abeta-specific Th2 cells provide cognitive and pathological benefits to Alzheimer's mice without infiltrating the CNS.	10.1016/j.nbd.2008.12.015	Neurobiology of disease	Neurobiol Dis	1095-953X	2009-04-01	6
20641005	PMC3094694	Days to criterion as an indicator of toxicity associated with human Alzheimer amyloid-beta oligomers.	10.1002/ana.22052	Annals of neurology	Ann Neurol	1531-8249	2010-08-01	6
26627638	PMC4666172	Identification of novel CSF biomarkers for neurodegeneration and their validation by a high-throughput multiplexed targeted proteomic assay.	10.1186/s13024-015-0059-y	Molecular neurodegeneration	Mol Neurodegener	1750-1326	2015-12-01	17.25
20962290	null	Detection of elevated levels of α-synuclein oligomers in CSF from patients with Parkinson disease.	10.1212/WNL.0b013e3181fd613b	Neurology	Neurology	1526-632X	2010-11-16	7
19021541	null
31779116	PMC6928722	Apolipoprotein C1: Its Pleiotropic Effects in Lipid Metabolism and Beyond.	10.3390/ijms20235939	International journal of molecular sciences	Int J Mol Sci	1422-0067	2019-11-26	1
32250293	PMC7306895	Is Alzheimer's Disease a Liver Disease of the Brain?	10.3233/JAD-190848	Journal of Alzheimer's disease : JAD	J Alzheimers Dis	1875-8908	2020-01-01	11.25
27671476	PMC5794875	A novel mechanism of memory loss in Alzheimer's disease mice via the degeneration of entorhinal-CA1 synapses.	10.1038/mp.2016.151	Molecular psychiatry	Mol Psychiatry	1476-5578	2018-02-01	16.5
28804456	PMC5532389	Lessons Learned about Neurodegeneration from Microglia and Monocyte Depletion Studies.	10.3389/fnagi.2017.00234	Frontiers in aging neuroscience	Front Aging Neurosci	1663-4365	2017-01-01	1.25
32994401	PMC7524800	Immune response and endocytosis pathways are associated with the resilience against Alzheimer's disease.	10.1038/s41398-020-01018-7	Translational psychiatry	Transl Psychiatry	2158-3188	2020-09-29	7
22005930	PMC3272435	Genome-wide association study of Alzheimer's disease with psychotic symptoms.	10.1038/mp.2011.125	Molecular psychiatry	Mol Psychiatry	1476-5578	2012-12-01	3
26632816	PMC4669173	Transient Cerebral Ischemia Promotes Brain Mitochondrial Dysfunction and Exacerbates Cognitive Impairments in Young 5xFAD Mice.	10.1371/journal.pone.0144068	PloS one	PLoS One	1932-6203	2015-01-01	7.25
20811458	PMC2936959	Gamma-secretase activating protein is a therapeutic target for Alzheimer's disease.	10.1038/nature09325	Nature	Nature	1476-4687	2010-09-02	30.412
26038195	PMC4490088	Effects of Antidepressants on DSP4/CPT-Induced DNA Damage Response in Neuroblastoma SH-SY5Y Cells.	10.1007/s12640-015-9534-z	Neurotoxicity research	Neurotox Res	1476-3524	2015-08-01	None
28938628	PMC5601724	MiR-144 promotes β-amyloid accumulation-induced cognitive impairments by targeting ADAM10 following traumatic brain injury.	10.18632/oncotarget.19469	Oncotarget	Oncotarget	1949-2553	2017-08-29	None
31284546	PMC6679199	Insight into the Role of Extracellular Vesicles in Lysosomal Storage Disorders.	10.3390/genes10070510	Genes	Genes (Basel)	2073-4425	2019-07-06	3.25
29321682	PMC5913738	Intermittent metabolic switching, neuroplasticity and brain health.	10.1038/nrn.2017.156	Nature reviews. Neuroscience	Nat Rev Neurosci	1471-0048	2018-02-01	590.1960000000004
27096746	PMC4838334	Design of Peptide Substrate for Sensitively and Specifically Detecting Two Aβ-Degrading Enzymes: Neprilysin and Angiotensin-Converting Enzyme.	10.1371/journal.pone.0153360	PloS one	PLoS One	1932-6203	2016-01-01	7
26904696	PMC4745579	Sirtuins Link Inflammation and Metabolism.	10.1155/2016/8167273	Journal of immunology research	J Immunol Res	2314-7156	2016-01-01	1
10927794	null	Contribution of Lewy body inclusions to dementia in patients with and without Alzheimer disease neuropathological conditions.	10.1001/archneur.57.8.1145	Archives of neurology	Arch Neurol	0003-9942	2000-08-01	1.35
25792818	PMC4360697	Link between type 2 diabetes and Alzheimer's disease: from epidemiology to mechanism and treatment.	10.2147/CIA.S74042	Clinical interventions in aging	Clin Interv Aging	1178-1998	2015-01-01	99.63
26401998	PMC4923765	Herpes Simplex Virus Type 1 and Other Pathogens are Key Causative Factors in Sporadic Alzheimer's Disease.	10.3233/JAD-142853	Journal of Alzheimer's disease : JAD	J Alzheimers Dis	1875-8908	2015-01-01	24.549999999999997
30564551	PMC6296266	Transgenic Mouse Models as Tools for Understanding How Increased Cognitive and Physical Stimulation Can Improve Cognition in Alzheimer's Disease.	10.3233/BPL-180076	Brain plasticity (Amsterdam, Netherlands)	Brain Plast	2213-6312	2018-12-12	28.479999999999997
22202030	PMC4049349	The neuroprotective effects of apocynin.	10.2741/535	Frontiers in bioscience (Elite edition)	Front Biosci (Elite Ed)	1945-0508	2012-01-01	0.75
32989324	PMC8098004	An integrated multi-omics approach identifies epigenetic alterations associated with Alzheimer's disease.	10.1038/s41588-020-0696-0	Nature genetics	Nat Genet	1546-1718	2020-10-01	245.19
26797041	null
29950603	PMC6021411	The pharmacological perturbation of brain zinc impairs BDNF-related signaling and the cognitive performances of young mice.	10.1038/s41598-018-28083-9	Scientific reports	Sci Rep	2045-2322	2018-06-27	9.75
23663737	PMC5396538	Metabolic stress modulates Alzheimer's β-secretase gene transcription via SIRT1-PPARγ-PGC-1 in neurons.	10.1016/j.cmet.2013.03.016	Cell metabolism	Cell Metab	1932-7420	2013-05-07	6
30814252	PMC6497931	Pyroglutamation of amyloid-βx-42 (Aβx-42) followed by Aβ1-40 deposition underlies plaque polymorphism in progressing Alzheimer's disease pathology.	10.1074/jbc.RA118.006604	The Journal of biological chemistry	J Biol Chem	1083-351X	2019-04-26	9.5
26444757	PMC4694576	Greater specificity for cerebrospinal fluid P-tau231 over P-tau181 in the differentiation of healthy controls from Alzheimer's disease.	10.3233/JAD-150167	Journal of Alzheimer's disease : JAD	J Alzheimers Dis	1875-8908	2016-01-01	7
23225609	PMC3804005	Amyloid beta accumulation in HIV-1-infected brain: The role of the blood brain barrier.	10.1002/iub.1106	IUBMB life	IUBMB Life	1521-6551	2013-01-01	1
22224047	PMC3249783	Acetylcholine and memory-enhancing activity of Ficus racemosa bark.	10.4103/0974-8490.89744	Pharmacognosy research	Pharmacognosy Res	0974-8490	2011-10-01	0.25
27034741	PMC4807045	Overview of Alzheimer's Disease and Some Therapeutic Approaches Targeting Aβ by Using Several Synthetic and Herbal Compounds.	10.1155/2016/7361613	Oxidative medicine and cellular longevity	Oxid Med Cell Longev	1942-0994	2016-01-01	10
12379910	null	Neuroinflammation in Alzheimer's disease and prion disease.	10.1002/glia.10146	Glia	Glia	0894-1491	2002-11-01	3
27239540	PMC4879519	Effects of vascular risk factors, statins, and antihypertensive drugs on PiB deposition in cognitively normal subjects.	10.1016/j.dadm.2016.02.007	Alzheimer's & dementia (Amsterdam, Netherlands)	Alzheimers Dement (Amst)	2352-8729	2016-01-01	63.25000000000002
33609524	PMC8005810	Invisible leashes: The tethering VAPs from infectious diseases to neurodegeneration.	10.1016/j.jbc.2021.100421	The Journal of biological chemistry	J Biol Chem	1083-351X	2021-01-01	11.5
21715678	PMC3192364	Human apoE isoforms differentially regulate brain amyloid-β peptide clearance.	10.1126/scitranslmed.3002156	Science translational medicine	Sci Transl Med	1946-6242	2011-06-29	39.507999999999996
28672022	PMC5495438	APOE ε4-TOMM40 '523 haplotypes and the risk of Alzheimer's disease in older Caucasian and African Americans.	10.1371/journal.pone.0180356	PloS one	PLoS One	1932-6203	2017-01-01	9.75
20640189	PMC2905103	Dual induction of TREM2 and tolerance-related transcript, Tmem176b, in amyloid transgenic mice: implications for vaccine-based therapies for Alzheimer's disease.	10.1042/AN20100010	ASN neuro	ASN Neuro	1759-0914	2010-07-12	11.232
32464001	null	Lingzhi or Reishi Medicinal Mushroom, Ganoderma lucidum (Agaricomycetes) Ameliorates Spatial Learning and Memory Deficits in Rats with Hypercholesterolemia and Alzheimer's Disease.	10.1615/IntJMedMushrooms.2020033383	International journal of medicinal mushrooms	Int J Med Mushrooms	1940-4344	2020-01-01	0.25
31398791	PMC6720493	Regulation of Brain Cholesterol: What Role Do Liver X Receptors Play in Neurodegenerative Diseases?	10.3390/ijms20163858	International journal of molecular sciences	Int J Mol Sci	1422-0067	2019-08-08	10
22275354	PMC3318682	Critical role of N-terminal end-localized nuclear export signal in regulation of activating transcription factor 2 (ATF2) subcellular localization and transcriptional activity.	10.1074/jbc.M111.294272	The Journal of biological chemistry	J Biol Chem	1083-351X	2012-03-09	None
19441127	null	Promoter polymorphisms which modulate BACE1 expression are associated with sporadic Alzheimer's disease.	10.1002/ajmg.b.30968	American journal of medical genetics. Part B, Neuropsychiatric genetics : the official publication of the International Society of Psychiatric Genetics	Am J Med Genet B Neuropsychiatr Genet	1552-485X	2010-01-05	None
28005991	PMC5179106	Drug Repositioning for Alzheimer's Disease Based on Systematic 'omics' Data Mining.	10.1371/journal.pone.0168812	PloS one	PLoS One	1932-6203	2016-01-01	19.5
23579327	null	Association of 1H-MR spectroscopy and cerebrospinal fluid biomarkers in Alzheimer's disease: diverging behavior at three different brain regions.	10.3233/JAD-120778	Journal of Alzheimer's disease : JAD	J Alzheimers Dis	1875-8908	2013-01-01	None
28993311	PMC5665458	Central and peripheral circadian clocks and their role in Alzheimer's disease.	10.1242/dmm.030627	Disease models & mechanisms	Dis Model Mech	1754-8411	2017-10-01	7.6
32626959	PMC7339647	Long non-coding RNA ANRIL knockdown suppresses apoptosis and pro-inflammatory cytokines while enhancing neurite outgrowth via binding microRNA-125a in a cellular model of Alzheimer's disease.	10.3892/mmr.2020.11203	Molecular medicine reports	Mol Med Rep	1791-3004	2020-08-01	None
33513818	PMC7865722	Blood-Brain Barrier Disruption Increases Amyloid-Related Pathology in TgSwDI Mice.	10.3390/ijms22031231	International journal of molecular sciences	Int J Mol Sci	1422-0067	2021-01-27	10
33921772	PMC8073639	Comparative Analysis of the Microbiome across the Gut-Skin Axis in Atopic Dermatitis.	10.3390/ijms22084228	International journal of molecular sciences	Int J Mol Sci	1422-0067	2021-04-19	11.75
20037584	PMC2809046	CD36 ligands promote sterile inflammation through assembly of a Toll-like receptor 4 and 6 heterodimer.	10.1038/ni.1836	Nature immunology	Nat Immunol	1529-2916	2010-02-01	7
24750033	null	Endogenous polyamines reduce the toxicity of soluble aβ peptide aggregates associated with Alzheimer's disease.	10.1021/bm401874j	Biomacromolecules	Biomacromolecules	1526-4602	2014-06-09	None
33925080	PMC8125678	Blood-Brain Barrier and Neurovascular Unit In Vitro Models for Studying Mitochondria-Driven Molecular Mechanisms of Neurodegeneration.	10.3390/ijms22094661	International journal of molecular sciences	Int J Mol Sci	1422-0067	2021-04-28	7
9371838	PMC24301	Two amyloid precursor protein transgenic mouse models with Alzheimer disease-like pathology.	10.1073/pnas.94.24.13287	Proceedings of the National Academy of Sciences of the United States of America	Proc Natl Acad Sci U S A	0027-8424	1997-11-25	9
26852943	PMC5441128	Oral Triphenylmethane Food Dye Analog, Brilliant Blue G, Prevents Neuronal Loss in APPSwDI/NOS2-/- Mouse Model.	None	Current Alzheimer research	Curr Alzheimer Res	1875-5828	2016-01-01	14
32435185	PMC7218053	Neuroprotective Effects of Diabetes Drugs for the Treatment of Neonatal Hypoxia-Ischemia Encephalopathy.	10.3389/fncel.2020.00112	Frontiers in cellular neuroscience	Front Cell Neurosci	1662-5102	2020-01-01	4.2
24958194	PMC4175176	Nonsense mutation in PRNP associated with clinical Alzheimer's disease.	10.1016/j.neurobiolaging.2014.05.013	Neurobiology of aging	Neurobiol Aging	1558-1497	2014-11-01	1.5
23870038	PMC3733687	A network-based approach for predicting key enzymes explaining metabolite abundance alterations in a disease phenotype.	10.1186/1752-0509-7-62	BMC systems biology	BMC Syst Biol	1752-0509	2013-07-19	0.75
34039354	PMC8157406	The m<sup>6</sup>A epitranscriptome on neural development and degeneration.	10.1186/s12929-021-00734-6	Journal of biomedical science	J Biomed Sci	1423-0127	2021-05-27	0.25
23719224	null	Yuzu extract prevents cognitive decline and impaired glucose homeostasis in β-amyloid-infused rats.	10.3945/jn.112.173401	The Journal of nutrition	J Nutr	1541-6100	2013-07-01	1.25
22442439	PMC3317529	No consistent evidence for association between mtDNA variants and Alzheimer disease.	10.1212/WNL.0b013e31824e8f1d	Neurology	Neurology	1526-632X	2012-04-03	6.5
28482642	PMC5581403	Extracellular Tau Oligomers Induce Invasion of Endogenous Tau into the Somatodendritic Compartment and Axonal Transport Dysfunction.	10.3233/JAD-170168	Journal of Alzheimer's disease : JAD	J Alzheimers Dis	1875-8908	2017-01-01	28
31831047	PMC6909474	ABCA7 polymorphisms correlate with memory impairment and default mode network in patients with APOEε4-associated Alzheimer's disease.	10.1186/s13195-019-0563-3	Alzheimer's research & therapy	Alzheimers Res Ther	1758-9193	2019-12-12	9.75
28269772	PMC5389048	Recent Progress in Alzheimer's Disease Research, Part 3: Diagnosis and Treatment.	10.3233/JAD-160907	Journal of Alzheimer's disease : JAD	J Alzheimers Dis	1875-8908	2017-01-01	15.6
33128835	PMC7681056	Regulatory feedback cycle of the insulin-degrading enzyme and the amyloid precursor protein intracellular domain: Implications for Alzheimer's disease.	10.1111/acel.13264	Aging cell	Aging Cell	1474-9726	2020-11-01	10.6
31877583	PMC7010588	Intermittent hypoxia improves cognition and reduces anxiety-related behavior in APP/PS1 mice.	10.1002/brb3.1513	Brain and behavior	Brain Behav	2162-3279	2020-02-01	9.5
23608917	PMC3777294	Whole-exome sequencing and imaging genetics identify functional variants for rate of change in hippocampal volume in mild cognitive impairment.	10.1038/mp.2013.24	Molecular psychiatry	Mol Psychiatry	1476-5578	2013-07-01	2.5
25025038	PMC4084682	Dipeptidyl peptidase 10 (DPP10(789)): a voltage gated potassium channel associated protein is abnormally expressed in Alzheimer's and other neurodegenerative diseases.	10.1155/2014/209398	BioMed research international	Biomed Res Int	2314-6141	2014-01-01	1
29718780	PMC6101676	Isoprenoids and protein prenylation: implications in the pathogenesis and therapeutic intervention of Alzheimer's disease.	10.1080/10409238.2018.1458070	Critical reviews in biochemistry and molecular biology	Crit Rev Biochem Mol Biol	1549-7798	2018-06-01	7
31719824	PMC6826475	Family C G-Protein-Coupled Receptors in Alzheimer's Disease and Therapeutic Implications.	10.3389/fphar.2019.01282	Frontiers in pharmacology	Front Pharmacol	1663-9812	2019-01-01	13.95
30337152	PMC6454538	Altered bile acid profile in mild cognitive impairment and Alzheimer's disease: Relationship to neuroimaging and CSF biomarkers.	10.1016/j.jalz.2018.08.012	Alzheimer's & dementia : the journal of the Alzheimer's Association	Alzheimers Dement	1552-5279	2019-02-01	13.5
10466898	null	Familial Alzheimer disease: changes in Abeta production may indicate a disturbance in protein transport or function caused by pleiotropic effects of FAD mutations.	10.1016/s0197-4580(99)00011-1	Neurobiology of aging	Neurobiol Aging	0197-4580	1999-01-01	None
31736704	PMC6838008	White Matter Language Pathways and Language Performance in Healthy Adults Across Ages.	10.3389/fnins.2019.01185	Frontiers in neuroscience	Front Neurosci	1662-4548	2019-01-01	5.1
29722804	null	Hippocampal Radial Glial Subtypes and Their Neurogenic Potential in Human Fetuses and Healthy and Alzheimer's Disease Adults.	10.1093/cercor/bhy096	Cerebral cortex (New York, N.Y. : 1991)	Cereb Cortex	1460-2199	2018-07-01	15.1
20815785	PMC3675897	Protein oxidative modifications in the ageing brain: consequence for the onset of neurodegenerative disease.	10.3109/10715762.2010.512040	Free radical research	Free Radic Res	1029-2470	2011-01-01	None
21305049	PMC3030599	HPRT deficiency coordinately dysregulates canonical Wnt and presenilin-1 signaling: a neuro-developmental regulatory role for a housekeeping gene?	10.1371/journal.pone.0016572	PloS one	PLoS One	1932-6203	2011-01-28	3
20704561	PMC3164283	The ATP-binding cassette transporter-2 (ABCA2) increases endogenous amyloid precursor protein expression and Aβ fragment generation.	10.2174/156720510793499002	Current Alzheimer research	Curr Alzheimer Res	1875-5828	2010-11-01	None
7616230	null	Phosphatase activity toward abnormally phosphorylated tau: decrease in Alzheimer disease brain.	10.1046/j.1471-4159.1995.65020732.x	Journal of neurochemistry	J Neurochem	0022-3042	1995-08-01	6
22832907	PMC3337069	Antihypertensives for combating dementia? A perspective on candidate molecular mechanisms and population-based prevention.	10.1038/tp.2012.28	Translational psychiatry	Transl Psychiatry	2158-3188	2012-04-24	4.5
19076459	PMC2605644	Mitochondrial approaches for neuroprotection.	10.1196/annals.1427.027	Annals of the New York Academy of Sciences	Ann N Y Acad Sci	1749-6632	2008-12-01	7
26351920	null	What can lipidomics tell us about the pathogenesis of Alzheimer disease?	10.1515/hsz-2015-0207	Biological chemistry	Biol Chem	1437-4315	2015-12-01	0.25
32184914	PMC7063194	CIRBP Ameliorates Neuronal Amyloid Toxicity via Antioxidative and Antiapoptotic Pathways in Primary Cortical Neurons.	10.1155/2020/2786139	Oxidative medicine and cellular longevity	Oxid Med Cell Longev	1942-0994	2020-01-01	7
25658633	PMC4380294	Clinical and neuroimaging biomarkers of amyloid-negative logopenic primary progressive aphasia.	10.1016/j.bandl.2015.01.009	Brain and language	Brain Lang	1090-2155	2015-03-01	1
31237881	PMC6592593	Abelmoschus esculentus subfractions attenuate beta amyloid-induced neuron apoptosis by regulating DPP-4 with improving insulin resistance signals.	10.1371/journal.pone.0217400	PloS one	PLoS One	1932-6203	2019-01-01	7
19833411	PMC2888747	Mechanisms underlying basal and learning-related intrinsic excitability in a mouse model of Alzheimer's disease.	10.1016/j.neurobiolaging.2009.09.003	Neurobiology of aging	Neurobiol Aging	1558-1497	2011-08-01	None
24559670	PMC3983361	ApoE and Aβ in Alzheimer's disease: accidental encounters or partners?	10.1016/j.neuron.2014.01.045	Neuron	Neuron	1097-4199	2014-02-19	13.6
23482655	PMC3584671	Alternative Approaches in Gene Discovery and Characterization in Alzheimer's Disease.	10.1007/s40142-013-0007-5	Current genetic medicine reports	Curr Genet Med Rep	2167-4876	2013-03-01	None
21236314	PMC3044604	Disease specificity and pathologic progression of tau pathology in brainstem nuclei of Alzheimer's disease and progressive supranuclear palsy.	10.1016/j.neulet.2011.01.020	Neuroscience letters	Neurosci Lett	1872-7972	2011-03-17	None
25618528	PMC4366542	Physiological and pathophysiological functions of cell cycle proteins in post-mitotic neurons: implications for Alzheimer's disease.	10.1007/s00401-015-1382-7	Acta neuropathologica	Acta Neuropathol	1432-0533	2015-04-01	None
19668025	PMC4406227	Is ApoE epsilon4 associated with cognitive functioning in African Americans diagnosed with Alzheimer Disease? An exploratory study.	10.1097/SMJ.0b013e3181b21b82	Southern medical journal	South Med J	1541-8243	2009-09-01	None
32089232	null	LW-AFC, a new formula from the traditional Chinese medicine Liuwei Dihuang decoction, as a promising therapy for Alzheimer's disease: Pharmacological effects and mechanisms.	10.1016/bs.apha.2019.10.005	Advances in pharmacology (San Diego, Calif.)	Adv Pharmacol	1557-8925	2020-01-01	0.25
26837733	PMC4846520	APP Receptor? To Be or Not To Be.	10.1016/j.tips.2016.01.005	Trends in pharmacological sciences	Trends Pharmacol Sci	1873-3735	2016-05-01	21.2
31667556	PMC7190606	Mechanisms of secretion and spreading of pathological tau protein.	10.1007/s00018-019-03349-1	Cellular and molecular life sciences : CMLS	Cell Mol Life Sci	1420-9071	2020-05-01	9.25
29946323	PMC6005900	Dissociation of C-Reactive Protein Localizes and Amplifies Inflammation: Evidence for a Direct Biological Role of C-Reactive Protein and Its Conformational Changes.	10.3389/fimmu.2018.01351	Frontiers in immunology	Front Immunol	1664-3224	2018-01-01	None
24634659	PMC3942876	Cannabinoids for treatment of Alzheimer's disease: moving toward the clinic.	10.3389/fphar.2014.00037	Frontiers in pharmacology	Front Pharmacol	1663-9812	2014-01-01	83.30000000000001
22091726	null	Targeting post-translational modifications on tau as a therapeutic strategy for Alzheimer's disease.	10.3109/01677063.2011.626471	Journal of neurogenetics	J Neurogenet	1563-5260	2011-12-01	3.25
11920850	null	ApoE epsilon3-haplotype modulates Alzheimer beta-amyloid deposition in the brain.	10.1002/ajmg.10202	American journal of medical genetics	Am J Med Genet	0148-7299	2002-04-08	3.25
29681904	PMC5897444	Brain-Resident Microglia and Blood-Borne Macrophages Orchestrate Central Nervous System Inflammation in Neurodegenerative Disorders and Brain Cancer.	10.3389/fimmu.2018.00697	Frontiers in immunology	Front Immunol	1664-3224	2018-01-01	27.05
25273678	null	ABCB1 C3435T polymorphism influences the risk for Alzheimer's disease.	10.1007/s12031-014-0427-z	Journal of molecular neuroscience : MN	J Mol Neurosci	1559-1166	2014-12-01	0.25
32986108	PMC7522696	Differential Associations of Apolipoprotein E ε4 Genotype With Attentional Abilities Across the Life Span of Individuals With Down Syndrome.	10.1001/jamanetworkopen.2020.18221	JAMA network open	JAMA Netw Open	2574-3805	2020-09-01	26.549999999999997
24847962	null	The polymorphism of ARNTL2 (BMAL2) gene rs2306074 C>T is associated with susceptibility of Alzheimer disease in Chinese population.	10.1007/s10072-014-1824-3	Neurological sciences : official journal of the Italian Neurological Society and of the Italian Society of Clinical Neurophysiology	Neurol Sci	1590-3478	2014-11-01	None
22649630	PMC3347543	Calcium signaling and neurodegeneration.	None	Acta naturae	Acta Naturae	2075-8251	2010-04-01	1
28893250	PMC5594454	Association between dietary patterns and cognitive function among 70-year-old Japanese elderly: a cross-sectional analysis of the SONIC study.	10.1186/s12937-017-0273-2	Nutrition journal	Nutr J	1475-2891	2017-09-11	2.5
31177216	PMC7297195	Neurofibrillary Tangles and Conversion to Mild Cognitive Impairment with Certain Antihypertensives.	10.3233/JAD-190011	Journal of Alzheimer's disease : JAD	J Alzheimers Dis	1875-8908	2019-01-01	12.35
33230600	PMC7682773	Pathological angiogenesis and inflammation in tissues.	10.1007/s12272-020-01287-2	Archives of pharmacal research	Arch Pharm Res	0253-6269	2021-01-01	None
25206742	PMC4146324	Dab2 attenuates brain injury in APP/PS1 mice via targeting transforming growth factor-beta/SMAD signaling.	10.4103/1673-5374.125328	Neural regeneration research	Neural Regen Res	1673-5374	2014-01-01	0.25
24381967	PMC4109898	Effect of vitamin E and memantine on functional decline in Alzheimer disease: the TEAM-AD VA cooperative randomized trial.	10.1001/jama.2013.282834	JAMA	JAMA	1538-3598	2014-01-01	824.4339999999999
26639974	PMC4927817	Platelet Membrane β-Secretase Activity in Mild Cognitive Impairment and Conversion to Dementia: a Longitudinal Study.	10.3233/JAD-150795	Journal of Alzheimer's disease : JAD	J Alzheimers Dis	1875-8908	2016-01-01	7
21684527	PMC3162096	Rare copy number deletions predict individual variation in human brain metabolite concentrations in individuals with alcohol use disorders.	10.1016/j.biopsych.2011.04.019	Biological psychiatry	Biol Psychiatry	1873-2402	2011-09-15	None
32751738	PMC7432889	Aquilariae Lignum Methylene Chloride Fraction Attenuates IL-1β-Driven Neuroinflammation in BV2 Microglial Cells.	10.3390/ijms21155465	International journal of molecular sciences	Int J Mol Sci	1422-0067	2020-07-30	None
25073452	PMC4150901	Associations between APOE and low-density lipoprotein cholesterol genotypes and cognitive and physical capability: the HALCyon programme.	10.1007/s11357-014-9673-9	Age (Dordrecht, Netherlands)	Age (Dordr)	1574-4647	2014-01-01	1
34020725	PMC8147512	Genome-wide analysis identifies a novel LINC-PINT splice variant associated with vascular amyloid pathology in Alzheimer's disease.	10.1186/s40478-021-01199-2	Acta neuropathologica communications	Acta Neuropathol Commun	2051-5960	2021-05-21	18.549999999999997
27321608	PMC4916855	Cognitive and Neural Effects of Vision-Based Speed-of-Processing Training in Older Adults with Amnestic Mild Cognitive Impairment: A Pilot Study.	10.1111/jgs.14132	Journal of the American Geriatrics Society	J Am Geriatr Soc	1532-5415	2016-06-01	40.5
29752551	PMC6015098	Tau seeding activity begins in the transentorhinal/entorhinal regions and anticipates phospho-tau pathology in Alzheimer's disease and PART.	10.1007/s00401-018-1855-6	Acta neuropathologica	Acta Neuropathol	1432-0533	2018-07-01	26.799999999999997
29662056	PMC5902554	Neuronal SphK1 acetylates COX2 and contributes to pathogenesis in a model of Alzheimer's Disease.	10.1038/s41467-018-03674-2	Nature communications	Nat Commun	2041-1723	2018-04-16	18.25
25137638	null	Dual effects of familial Alzheimer's disease mutations (D7H, D7N, and H6R) on amyloid β peptide: correlation dynamics and zinc binding.	10.1002/prot.24669	Proteins	Proteins	1097-0134	2014-12-01	1.5
23953275	PMC3978621	Regulation of distinct pools of amyloid β-protein by multiple cellular proteases.	10.1186/alzrt194	Alzheimer's research & therapy	Alzheimers Res Ther	1758-9193	2013-01-01	0.5
30687223	PMC6333664	Genetic Analysis of <i>PICK1</i> Gene in Alzheimer's Disease: A Study for Finding a New Gene Target.	10.3389/fneur.2018.01169	Frontiers in neurology	Front Neurol	1664-2295	2018-01-01	10.5
32180703	PMC7059763	TDP-43: From Alzheimer's Disease to Limbic-Predominant Age-Related TDP-43 Encephalopathy.	10.3389/fnmol.2020.00026	Frontiers in molecular neuroscience	Front Mol Neurosci	1662-5099	2020-01-01	11.25
21203512	PMC3008726	Amyloid-β inhibits No-cGMP signaling in a CD36- and CD47-dependent manner.	10.1371/journal.pone.0015686	PloS one	PLoS One	1932-6203	2010-12-22	None
24655894	PMC3997966	IVIg protects the 3xTg-AD mouse model of Alzheimer's disease from memory deficit and Aβ pathology.	10.1186/1742-2094-11-54	Journal of neuroinflammation	J Neuroinflammation	1742-2094	2014-03-22	0.5
26902204	PMC4818756	Therapeutic correction of ApoER2 splicing in Alzheimer's disease mice using antisense oligonucleotides.	10.15252/emmm.201505846	EMBO molecular medicine	EMBO Mol Med	1757-4684	2016-04-01	19.5
23730261	PMC3520047	Pyruvate Dehydrogenase Kinases in the Nervous System: Their Principal Functions in Neuronal-glial Metabolic Interaction and Neuro-metabolic Disorders.	10.2174/157015912804143586	Current neuropharmacology	Curr Neuropharmacol	1570-159X	2012-12-01	3.5
27589732	PMC5037717	PMEL Amyloid Fibril Formation: The Bright Steps of Pigmentation.	10.3390/ijms17091438	International journal of molecular sciences	Int J Mol Sci	1422-0067	2016-08-31	0.25
23414597	PMC3614544	Role of p73 in Alzheimer disease: lack of association in mouse models or in human cohorts.	10.1186/1750-1326-8-10	Molecular neurodegeneration	Mol Neurodegener	1750-1326	2013-02-15	1.25
30533414	PMC6265475	Is Alzheimer's Also a Stem Cell Disease? - The Zebrafish Perspective.	10.3389/fcell.2018.00159	Frontiers in cell and developmental biology	Front Cell Dev Biol	2296-634X	2018-01-01	36.43
24565469	PMC3936399	Early-onset dementias: diagnostic and etiological considerations.	10.1186/alzrt197	Alzheimer's research & therapy	Alzheimers Res Ther	1758-9193	2013-07-31	1.25
29238071	PMC5864187	APP upregulation contributes to retinal ganglion cell degeneration via JNK3.	10.1038/s41418-017-0005-3	Cell death and differentiation	Cell Death Differ	1476-5403	2018-03-01	0.5
26781037	PMC4783343	High dietary advanced glycation end products are associated with poorer spatial learning and accelerated Aβ deposition in an Alzheimer mouse model.	10.1111/acel.12436	Aging cell	Aging Cell	1474-9726	2016-04-01	22.6
25774133	PMC4343016	Circadian clock disruption in neurodegenerative diseases: cause and effect?	10.3389/fphar.2015.00029	Frontiers in pharmacology	Front Pharmacol	1663-9812	2015-01-01	18.549999999999997
25228858	PMC4151093	Gap junctions and hemichannels composed of connexins: potential therapeutic targets for neurodegenerative diseases.	10.3389/fncel.2014.00189	Frontiers in cellular neuroscience	Front Cell Neurosci	1662-5102	2014-01-01	None
32180081	PMC7113202	Consensus statement from 2<sup>nd</sup> International Conference on Controversies in Vitamin D.	10.1007/s11154-019-09532-w	Reviews in endocrine & metabolic disorders	Rev Endocr Metab Disord	1573-2606	2020-03-01	71.85000000000001
22817711	PMC5967400	Potential neuroprotective strategies against tauopathy.	10.1042/BST20120017	Biochemical Society transactions	Biochem Soc Trans	1470-8752	2012-08-01	None
28151408	PMC5312009	Drosophila and genome-wide association studies: a review and resource for the functional dissection of human complex traits.	10.1242/dmm.027680	Disease models & mechanisms	Dis Model Mech	1754-8411	2017-02-01	5.75
19793392	PMC2765959	The COMT Val158 Met polymorphism as an associated risk factor for Alzheimer disease and mild cognitive impairment in APOE 4 carriers.	10.1186/1471-2202-10-125	BMC neuroscience	BMC Neurosci	1471-2202	2009-09-30	0.25
31411808	PMC7053239	D-Ser2-oxyntomodulin ameliorated Aβ31-35-induced circadian rhythm disorder in mice.	10.1111/cns.13211	CNS neuroscience & therapeutics	CNS Neurosci Ther	1755-5949	2020-03-01	10
26059363	PMC4462342	Proteome-wide characterization of signalling interactions in the hippocampal CA4/DG subfield of patients with Alzheimer's disease.	10.1038/srep11138	Scientific reports	Sci Rep	2045-2322	2015-06-10	10.6
25938132	PMC4412027	Subjective memory complaints, cortical thinning, and cognitive dysfunction in middle-aged adults at risk for AD.	10.1016/j.dadm.2014.11.010	Alzheimer's & dementia (Amsterdam, Netherlands)	Alzheimers Dement (Amst)	2352-8729	2015-03-01	10.25
33329577	PMC7719741	Potential Role of Phosphoglycerol Dihydroceramide Produced by Periodontal Pathogen <i>Porphyromonas gingivalis</i> in the Pathogenesis of Alzheimer's Disease.	10.3389/fimmu.2020.591571	Frontiers in immunology	Front Immunol	1664-3224	2020-01-01	7
9756330	null	The -491A/T apolipoprotein E promoter polymorphism association with Alzheimer's disease: independent risk and linkage disequilibrium with the known APOE polymorphism.	10.1016/s0304-3940(98)00567-9	Neuroscience letters	Neurosci Lett	0304-3940	1998-08-14	None
25666182	PMC4366547	Isoglutaminyl cyclase contributes to CCL2-driven neuroinflammation in Alzheimer's disease.	10.1007/s00401-015-1395-2	Acta neuropathologica	Acta Neuropathol	1432-0533	2015-04-01	21.75
31653061	PMC6862262	Prolactin-Releasing Peptide: Physiological and Pharmacological Properties.	10.3390/ijms20215297	International journal of molecular sciences	Int J Mol Sci	1422-0067	2019-10-24	0.75
33419465	PMC7792349	Associations of Alzheimer's disease risk variants with gene expression, amyloidosis, tauopathy, and neurodegeneration.	10.1186/s13195-020-00755-7	Alzheimer's research & therapy	Alzheimers Res Ther	1758-9193	2021-01-08	9.5
16078048	null	Maternal lineages and Alzheimer disease risk in the Old Order Amish.	10.1007/s00439-005-0032-x	Human genetics	Hum Genet	0340-6717	2005-10-01	None
27775040	PMC5075930	REAC technology modifies pathological neuroinflammation and motor behaviour in an Alzheimer's disease mouse model.	10.1038/srep35719	Scientific reports	Sci Rep	2045-2322	2016-10-24	7
25630717	null	Neuroprotective effect of hesperidin on aluminium chloride induced Alzheimer's disease in Wistar rats.	10.1007/s11064-015-1525-1	Neurochemical research	Neurochem Res	1573-6903	2015-04-01	10.030000000000001
28804008	null	PERK as a hub of multiple pathogenic pathways leading to memory deficits and neurodegeneration in Alzheimer's disease.	10.1016/j.brainresbull.2017.08.007	Brain research bulletin	Brain Res Bull	1873-2747	2018-07-01	0.25
10097173	PMC22430	Unusual phenotypic alteration of beta amyloid precursor protein (betaAPP) maturation by a new Val-715 --> Met betaAPP-770 mutation responsible for probable early-onset Alzheimer's disease.	10.1073/pnas.96.7.4119	Proceedings of the National Academy of Sciences of the United States of America	Proc Natl Acad Sci U S A	0027-8424	1999-03-30	3
28745649	PMC5612547	High-resolution Melting PCR for Complement Receptor 1 Length Polymorphism Genotyping: An Innovative Tool for Alzheimer's Disease Gene Susceptibility Assessment.	10.3791/56012	Journal of visualized experiments : JoVE	J Vis Exp	1940-087X	2017-07-18	1
29682502	PMC5897435	Frontiers of Complex Disease Mechanisms: Membrane Surface Tension May Link Genotype to Phenotype in Glaucoma.	10.3389/fcell.2018.00032	Frontiers in cell and developmental biology	Front Cell Dev Biol	2296-634X	2018-01-01	1.35
33532505	PMC7837790	Aluminum-Induced Alterations in Purinergic System Parameters of BV-2 Brain Microglial Cells.	10.1155/2021/2695490	Journal of immunology research	J Immunol Res	2314-7156	2021-01-01	1
25342943	PMC4207075	Calcium-Sensing Receptors of Human Astrocyte-Neuron Teams: Amyloid-β-Driven Mediators and Therapeutic Targets of Alzheimer's Disease.	10.2174/1570159X12666140828214701	Current neuropharmacology	Curr Neuropharmacol	1570-159X	2014-07-01	None
